kconstruction,101,none,0.0003981
kconstruction,201,none,0.0016032
kconstruction,301,none,0.0030086
kconstruction,401,none,0.0023091
kconstruction,501,none,0.0037138
kconstruction,601,none,0.0053379
kconstruction,701,none,0.0072205
kconstruction,801,none,0.009473
kconstruction,901,none,0.012534
kconstruction,1001,none,0.0156448
kconstruction,1101,none,0.0191146
kconstruction,1201,none,0.0213933
kconstruction,1301,none,0.0251233
kconstruction,1401,none,0.029095
kconstruction,1501,none,0.034084
kconstruction,1601,none,0.0471943
kconstruction,1701,none,0.0570039
kconstruction,1801,none,0.0493522
kconstruction,1901,none,0.0535062
kconstruction,2001,none,0.059388
kconstruction,2101,none,0.0655307
kconstruction,2201,none,0.0717962
kconstruction,2301,none,0.0787711
kconstruction,2401,none,0.0875352
kconstruction,2501,none,0.0951915
kconstruction,2601,none,0.102877
kconstruction,2701,none,0.110977
kconstruction,2801,none,0.118784
kconstruction,2901,none,0.127706
kconstruction,3001,none,0.136435
kconstruction,3101,none,0.146255
kconstruction,3201,none,0.155573
kconstruction,3301,none,0.165467
kconstruction,3401,none,0.176849
kconstruction,3501,none,0.185844
kconstruction,3601,none,0.196866
kconstruction,3701,none,0.208894
kconstruction,3801,none,0.219703
kconstruction,3901,none,0.231869
kconstruction,4001,none,0.24396
kconstruction,4101,none,0.25561
kconstruction,4201,none,0.269092
kconstruction,4301,none,0.282075
kconstruction,4401,none,0.295423
kconstruction,4501,none,0.311966
kconstruction,4601,none,0.322386
kconstruction,4701,none,0.335684
kconstruction,4801,none,0.351648
kconstruction,4901,none,0.363838
kconstruction,5001,none,0.379238
kconstruction,5101,none,0.397256
kconstruction,5201,none,0.413629
kconstruction,5301,none,0.430071
kconstruction,5401,none,0.443415
kconstruction,5501,none,0.460306
kconstruction,5601,none,0.476198
kconstruction,5701,none,0.493708
kconstruction,5801,none,0.512122
kconstruction,5901,none,0.528908
kconstruction,6001,none,0.545541
kconstruction,6101,none,0.564477
kconstruction,6201,none,0.583888
kconstruction,6301,none,0.601416
kconstruction,6401,none,0.620721
kconstruction,6501,none,0.638891
kconstruction,6601,none,0.664688
kconstruction,6701,none,0.680495
kconstruction,6801,none,0.6998
kconstruction,6901,none,0.72014
kconstruction,7001,none,0.742009
kconstruction,7101,none,0.763811
kconstruction,7201,none,0.784487
kconstruction,7301,none,0.805755
kconstruction,7401,none,0.830285
kconstruction,7501,none,0.853691
kconstruction,7601,none,0.877925
kconstruction,7701,none,0.899262
kconstruction,7801,none,0.922757
kconstruction,7901,none,0.945482
kconstruction,8001,none,0.96776
kconstruction,8101,none,0.992336
kconstruction,8201,none,1.01827
kconstruction,8301,none,1.04143
kconstruction,8401,none,1.06735
kconstruction,8501,none,1.09613
kconstruction,8601,none,1.12293
kconstruction,8701,none,1.14971
kconstruction,8801,none,1.17905
kconstruction,8901,none,1.20987
kconstruction,9001,none,1.23117
kconstruction,9101,none,1.25442
kconstruction,9201,none,1.2847
kconstruction,9301,none,1.31498
kconstruction,9401,none,1.34071
kconstruction,9501,none,1.36886
kconstruction,9601,none,1.39565
kconstruction,9701,none,1.42774
kconstruction,9801,none,1.46145
kconstruction,9901,none,1.48126
kconstruction,10001,none,1.51201
kconstruction,10101,none,1.54078
kconstruction,10201,none,1.56883
kconstruction,10301,none,1.60042
kconstruction,10401,none,1.63929
kconstruction,10501,none,1.66358
kconstruction,10601,none,1.69485
kconstruction,10701,none,1.72886
kconstruction,10801,none,1.76015
kconstruction,10901,none,1.80068
kconstruction,11001,none,1.82391
kconstruction,11101,none,1.85843
kconstruction,11201,none,1.89101
kconstruction,11301,none,1.9251
kconstruction,11401,none,1.96763
kconstruction,11501,none,2.00007
kconstruction,11601,none,2.0314
kconstruction,11701,none,2.06566
kconstruction,11801,none,2.10182
kconstruction,11901,none,2.1377
kconstruction,12001,none,2.18292
kconstruction,12101,none,2.21111
kconstruction,12201,none,2.2473
kconstruction,12301,none,2.28642
kconstruction,12401,none,2.32812
kconstruction,12501,none,2.36462
kconstruction,12601,none,2.40127
kconstruction,12701,none,2.44663
kconstruction,12801,none,2.48435
kconstruction,12901,none,2.52734
kconstruction,13001,none,2.56063
kconstruction,13101,none,2.59535
kconstruction,13201,none,2.63082
kconstruction,13301,none,2.66974
kconstruction,13401,none,2.7108
kconstruction,13501,none,2.76319
kconstruction,13601,none,2.79745
kconstruction,13701,none,2.8279
kconstruction,13801,none,2.87268
kconstruction,13901,none,2.9124
kconstruction,14001,none,2.95821
kconstruction,14101,none,3.00495
kconstruction,14201,none,3.05064
kconstruction,14301,none,3.09176
kconstruction,14401,none,3.13548
kconstruction,14501,none,3.1802
kconstruction,14601,none,3.22069
kconstruction,14701,none,3.26173
kconstruction,14801,none,3.30734
kconstruction,14901,none,3.35471
kconstruction,15001,none,3.40243
kconstruction,15101,none,3.44653
kconstruction,15201,none,3.48981
kconstruction,15301,none,3.53287
kconstruction,15401,none,3.5902
kconstruction,15501,none,3.64018
kconstruction,15601,none,3.68386
kconstruction,15701,none,3.72673
kconstruction,15801,none,3.76692
kconstruction,15901,none,3.81605
kconstruction,16001,none,3.87614
kconstruction,16101,none,3.91749
kconstruction,16201,none,3.98418
kconstruction,16301,none,4.01519
kconstruction,16401,none,4.08392
kconstruction,16501,none,4.10543
kconstruction,16601,none,4.16846
kconstruction,16701,none,4.21698
kconstruction,16801,none,4.26247
kconstruction,16901,none,4.32123
kconstruction,17001,none,4.37217
kconstruction,17101,none,4.40648
kconstruction,17201,none,4.46159
kconstruction,17301,none,4.52933
kconstruction,17401,none,4.59214
kconstruction,17501,none,4.62796
kconstruction,17601,none,4.68965
kconstruction,17701,none,4.76871
kconstruction,17801,none,4.81274
kconstruction,17901,none,4.86006
kconstruction,18001,none,4.92272
kconstruction,18101,none,4.95094
kconstruction,18201,none,5.01811
kconstruction,18301,none,5.06172
kconstruction,18401,none,5.12271
kconstruction,18501,none,5.18103
kconstruction,18601,none,5.27194
kconstruction,18701,none,5.30103
kconstruction,18801,none,5.3418
kconstruction,18901,none,5.40237
kconstruction,19001,none,5.46151
kconstruction,19101,none,5.51141
kconstruction,19201,none,5.58143
kconstruction,19301,none,5.65776
kconstruction,19401,none,5.69283
kconstruction,19501,none,5.75792
kconstruction,19601,none,5.80901
kconstruction,19701,none,5.90746
kconstruction,19801,none,6.00799
kconstruction,19901,none,6.05277
kconstruction,20001,none,6.12719
kconstruction,101,O,0.0001206
kconstruction,201,O,0.0004649
kconstruction,301,O,0.0010886
kconstruction,401,O,0.0020415
kconstruction,501,O,0.0022485
kconstruction,601,O,0.0027792
kconstruction,701,O,0.0036469
kconstruction,801,O,0.0050164
kconstruction,901,O,0.0063838
kconstruction,1001,O,0.0080924
kconstruction,1101,O,0.0096069
kconstruction,1201,O,0.0116991
kconstruction,1301,O,0.0139686
kconstruction,1401,O,0.0160841
kconstruction,1501,O,0.0185154
kconstruction,1601,O,0.021262
kconstruction,1701,O,0.0240181
kconstruction,1801,O,0.0290165
kconstruction,1901,O,0.030175
kconstruction,2001,O,0.0335406
kconstruction,2101,O,0.0361986
kconstruction,2201,O,0.0399086
kconstruction,2301,O,0.0439616
kconstruction,2401,O,0.0475162
kconstruction,2501,O,0.0516642
kconstruction,2601,O,0.0556899
kconstruction,2701,O,0.0601363
kconstruction,2801,O,0.0647843
kconstruction,2901,O,0.0692381
kconstruction,3001,O,0.0744486
kconstruction,3101,O,0.0793905
kconstruction,3201,O,0.0859959
kconstruction,3301,O,0.0904569
kconstruction,3401,O,0.0963823
kconstruction,3501,O,0.102337
kconstruction,3601,O,0.10828
kconstruction,3701,O,0.114566
kconstruction,3801,O,0.121028
kconstruction,3901,O,0.128219
kconstruction,4001,O,0.137265
kconstruction,4101,O,0.144513
kconstruction,4201,O,0.113479
kconstruction,4301,O,0.110027
kconstruction,4401,O,0.15264
kconstruction,4501,O,0.167153
kconstruction,4601,O,0.173236
kconstruction,4701,O,0.181704
kconstruction,4801,O,0.199407
kconstruction,4901,O,0.205435
kconstruction,5001,O,0.224993
kconstruction,5101,O,0.237294
kconstruction,5201,O,0.22528
kconstruction,5301,O,0.192681
kconstruction,5401,O,0.189977
kconstruction,5501,O,0.25941
kconstruction,5601,O,0.271542
kconstruction,5701,O,0.281148
kconstruction,5801,O,0.288384
kconstruction,5901,O,0.302032
kconstruction,6001,O,0.30012
kconstruction,6101,O,0.309489
kconstruction,6201,O,0.29424
kconstruction,6301,O,0.25977
kconstruction,6401,O,0.26151
kconstruction,6501,O,0.256689
kconstruction,6601,O,0.284033
kconstruction,6701,O,0.383865
kconstruction,6801,O,0.390385
kconstruction,6901,O,0.412776
kconstruction,7001,O,0.303541
kconstruction,7101,O,0.320367
kconstruction,7201,O,0.313736
kconstruction,7301,O,0.318811
kconstruction,7401,O,0.32667
kconstruction,7501,O,0.333716
kconstruction,7601,O,0.465984
kconstruction,7701,O,0.509367
kconstruction,7801,O,0.493263
kconstruction,7901,O,0.384368
kconstruction,8001,O,0.414866
kconstruction,8101,O,0.572995
kconstruction,8201,O,0.578604
kconstruction,8301,O,0.584064
kconstruction,8401,O,0.485653
kconstruction,8501,O,0.426057
kconstruction,8601,O,0.440391
kconstruction,8701,O,0.59875
kconstruction,8801,O,0.660583
kconstruction,8901,O,0.67584
kconstruction,9001,O,0.557479
kconstruction,9101,O,0.69611
kconstruction,9201,O,0.612178
kconstruction,9301,O,0.529707
kconstruction,9401,O,0.52034
kconstruction,9501,O,0.718333
kconstruction,9601,O,0.78499
kconstruction,9701,O,0.789663
kconstruction,9801,O,0.590337
kconstruction,9901,O,0.818221
kconstruction,10001,O,0.68225
kconstruction,10101,O,0.611799
kconstruction,10201,O,0.892241
kconstruction,10301,O,0.900902
kconstruction,10401,O,0.915532
kconstruction,10501,O,0.934284
kconstruction,10601,O,0.952287
kconstruction,10701,O,0.726657
kconstruction,10801,O,0.877576
kconstruction,10901,O,1.00265
kconstruction,11001,O,1.01775
kconstruction,11101,O,1.02784
kconstruction,11201,O,0.895955
kconstruction,11301,O,0.740244
kconstruction,11401,O,0.748067
kconstruction,11501,O,0.758292
kconstruction,11601,O,0.768998
kconstruction,11701,O,0.799024
kconstruction,11801,O,1.09596
kconstruction,11901,O,0.843502
kconstruction,12001,O,0.829057
kconstruction,12101,O,0.850728
kconstruction,12201,O,0.860855
kconstruction,12301,O,1.04323
kconstruction,12401,O,1.02767
kconstruction,12501,O,0.883324
kconstruction,12601,O,1.24314
kconstruction,12701,O,0.917822
kconstruction,12801,O,0.939131
kconstruction,12901,O,0.938819
kconstruction,13001,O,0.952805
kconstruction,13101,O,1.23744
kconstruction,13201,O,1.41951
kconstruction,13301,O,1.34284
kconstruction,13401,O,1.28713
kconstruction,13501,O,1.48461
kconstruction,13601,O,1.27737
kconstruction,13701,O,1.36178
kconstruction,13801,O,1.56307
kconstruction,13901,O,1.43345
kconstruction,14001,O,1.16912
kconstruction,14101,O,1.53958
kconstruction,14201,O,1.35629
kconstruction,14301,O,1.79905
kconstruction,14401,O,1.6589
kconstruction,14501,O,1.78244
kconstruction,14601,O,1.41915
kconstruction,14701,O,1.58073
kconstruction,14801,O,1.61238
kconstruction,14901,O,1.31468
kconstruction,15001,O,1.71091
kconstruction,15101,O,1.73115
kconstruction,15201,O,1.44732
kconstruction,15301,O,1.60492
kconstruction,15401,O,1.36704
kconstruction,15501,O,1.71702
kconstruction,15601,O,2.03327
kconstruction,15701,O,1.57422
kconstruction,15801,O,1.85449
kconstruction,15901,O,2.01797
kconstruction,16001,O,2.13081
kconstruction,16101,O,2.02479
kconstruction,16201,O,1.91015
kconstruction,16301,O,1.91053
kconstruction,16401,O,2.18879
kconstruction,16501,O,1.53623
kconstruction,16601,O,1.83693
kconstruction,16701,O,1.93633
kconstruction,16801,O,2.46731
kconstruction,16901,O,2.40353
kconstruction,17001,O,2.30801
kconstruction,17101,O,2.15315
kconstruction,17201,O,1.75917
kconstruction,17301,O,1.99212
kconstruction,17401,O,2.25976
kconstruction,17501,O,2.48175
kconstruction,17601,O,2.13204
kconstruction,17701,O,2.47574
kconstruction,17801,O,2.32397
kconstruction,17901,O,1.86872
kconstruction,18001,O,2.18883
kconstruction,18101,O,1.83934
kconstruction,18201,O,2.28017
kconstruction,18301,O,2.30851
kconstruction,18401,O,2.6987
kconstruction,18501,O,2.33288
kconstruction,18601,O,2.42157
kconstruction,18701,O,2.33083
kconstruction,18801,O,2.79705
kconstruction,18901,O,2.48549
kconstruction,19001,O,2.55819
kconstruction,19101,O,2.49663
kconstruction,19201,O,2.39399
kconstruction,19301,O,2.48654
kconstruction,19401,O,2.99329
kconstruction,19501,O,2.59937
kconstruction,19601,O,2.41164
kconstruction,19701,O,2.89667
kconstruction,19801,O,3.18026
kconstruction,19901,O,2.69584
kconstruction,20001,O,2.24515
kconstruction,101,O1,0.0001325
kconstruction,201,O1,0.0004552
kconstruction,301,O1,0.0011041
kconstruction,401,O1,0.0014883
kconstruction,501,O1,0.0019624
kconstruction,601,O1,0.0027198
kconstruction,701,O1,0.004117
kconstruction,801,O1,0.005389
kconstruction,901,O1,0.0067641
kconstruction,1001,O1,0.0082623
kconstruction,1101,O1,0.009882
kconstruction,1201,O1,0.0117676
kconstruction,1301,O1,0.0138539
kconstruction,1401,O1,0.0160326
kconstruction,1501,O1,0.018779
kconstruction,1601,O1,0.0213429
kconstruction,1701,O1,0.025077
kconstruction,1801,O1,0.0270979
kconstruction,1901,O1,0.0315428
kconstruction,2001,O1,0.0355843
kconstruction,2101,O1,0.0366269
kconstruction,2201,O1,0.0400912
kconstruction,2301,O1,0.0439466
kconstruction,2401,O1,0.0516352
kconstruction,2501,O1,0.0548827
kconstruction,2601,O1,0.0563398
kconstruction,2701,O1,0.0604645
kconstruction,2801,O1,0.0657348
kconstruction,2901,O1,0.069964
kconstruction,3001,O1,0.0743511
kconstruction,3101,O1,0.0791767
kconstruction,3201,O1,0.0844272
kconstruction,3301,O1,0.0907231
kconstruction,3401,O1,0.0956973
kconstruction,3501,O1,0.101674
kconstruction,3601,O1,0.107484
kconstruction,3701,O1,0.107259
kconstruction,3801,O1,0.0940621
kconstruction,3901,O1,0.0941261
kconstruction,4001,O1,0.0976774
kconstruction,4101,O1,0.100322
kconstruction,4201,O1,0.1522
kconstruction,4301,O1,0.160123
kconstruction,4401,O1,0.167887
kconstruction,4501,O1,0.174734
kconstruction,4601,O1,0.182626
kconstruction,4701,O1,0.192202
kconstruction,4801,O1,0.203741
kconstruction,4901,O1,0.207897
kconstruction,5001,O1,0.211642
kconstruction,5101,O1,0.217317
kconstruction,5201,O1,0.202939
kconstruction,5301,O1,0.17021
kconstruction,5401,O1,0.172618
kconstruction,5501,O1,0.17905
kconstruction,5601,O1,0.186612
kconstruction,5701,O1,0.191177
kconstruction,5801,O1,0.203265
kconstruction,5901,O1,0.205546
kconstruction,6001,O1,0.212102
kconstruction,6101,O1,0.219441
kconstruction,6201,O1,0.228132
kconstruction,6301,O1,0.234024
kconstruction,6401,O1,0.239819
kconstruction,6501,O1,0.251002
kconstruction,6601,O1,0.304248
kconstruction,6701,O1,0.389623
kconstruction,6801,O1,0.385149
kconstruction,6901,O1,0.385549
kconstruction,7001,O1,0.287843
kconstruction,7101,O1,0.290627
kconstruction,7201,O1,0.299265
kconstruction,7301,O1,0.309304
kconstruction,7401,O1,0.380866
kconstruction,7501,O1,0.482871
kconstruction,7601,O1,0.495361
kconstruction,7701,O1,0.498478
kconstruction,7801,O1,0.501406
kconstruction,7901,O1,0.390182
kconstruction,8001,O1,0.393918
kconstruction,8101,O1,0.384027
kconstruction,8201,O1,0.439902
kconstruction,8301,O1,0.569538
kconstruction,8401,O1,0.590518
kconstruction,8501,O1,0.604439
kconstruction,8601,O1,0.63152
kconstruction,8701,O1,0.469458
kconstruction,8801,O1,0.459087
kconstruction,8901,O1,0.450232
kconstruction,9001,O1,0.459198
kconstruction,9101,O1,0.466853
kconstruction,9201,O1,0.479631
kconstruction,9301,O1,0.500938
kconstruction,9401,O1,0.552502
kconstruction,9501,O1,0.526319
kconstruction,9601,O1,0.55012
kconstruction,9701,O1,0.768208
kconstruction,9801,O1,0.546985
kconstruction,9901,O1,0.552876
kconstruction,10001,O1,0.565342
kconstruction,10101,O1,0.574747
kconstruction,10201,O1,0.586199
kconstruction,10301,O1,0.868222
kconstruction,10401,O1,0.803958
kconstruction,10501,O1,0.938892
kconstruction,10601,O1,0.797626
kconstruction,10701,O1,0.827512
kconstruction,10801,O1,0.862194
kconstruction,10901,O1,0.697884
kconstruction,11001,O1,0.977261
kconstruction,11101,O1,0.951502
kconstruction,11201,O1,1.03497
kconstruction,11301,O1,0.757856
kconstruction,11401,O1,1.09174
kconstruction,11501,O1,0.783318
kconstruction,11601,O1,0.784947
kconstruction,11701,O1,0.960692
kconstruction,11801,O1,0.971896
kconstruction,11901,O1,1.15105
kconstruction,12001,O1,0.838964
kconstruction,12101,O1,0.843126
kconstruction,12201,O1,0.857111
kconstruction,12301,O1,0.858439
kconstruction,12401,O1,0.900857
kconstruction,12501,O1,0.898659
kconstruction,12601,O1,0.921585
kconstruction,12701,O1,0.918558
kconstruction,12801,O1,0.954199
kconstruction,12901,O1,0.942007
kconstruction,13001,O1,1.35048
kconstruction,13101,O1,1.4185
kconstruction,13201,O1,1.4336
kconstruction,13301,O1,1.19259
kconstruction,13401,O1,1.19184
kconstruction,13501,O1,1.20361
kconstruction,13601,O1,1.05304
kconstruction,13701,O1,1.41008
kconstruction,13801,O1,1.08025
kconstruction,13901,O1,1.09475
kconstruction,14001,O1,1.44202
kconstruction,14101,O1,1.14165
kconstruction,14201,O1,1.13897
kconstruction,14301,O1,1.14897
kconstruction,14401,O1,1.17106
kconstruction,14501,O1,1.52986
kconstruction,14601,O1,1.19443
kconstruction,14701,O1,1.63552
kconstruction,14801,O1,1.3717
kconstruction,14901,O1,1.71656
kconstruction,15001,O1,1.62662
kconstruction,15101,O1,1.84126
kconstruction,15201,O1,1.82206
kconstruction,15301,O1,1.99177
kconstruction,15401,O1,1.56729
kconstruction,15501,O1,1.80003
kconstruction,15601,O1,1.74106
kconstruction,15701,O1,1.71966
kconstruction,15801,O1,1.5041
kconstruction,15901,O1,1.78991
kconstruction,16001,O1,1.5779
kconstruction,16101,O1,1.77612
kconstruction,16201,O1,1.55377
kconstruction,16301,O1,1.53175
kconstruction,16401,O1,1.51696
kconstruction,16501,O1,1.52139
kconstruction,16601,O1,1.95527
kconstruction,16701,O1,1.55545
kconstruction,16801,O1,1.57774
kconstruction,16901,O1,2.15369
kconstruction,17001,O1,1.60704
kconstruction,17101,O1,1.62504
kconstruction,17201,O1,1.7632
kconstruction,17301,O1,2.23928
kconstruction,17401,O1,1.6907
kconstruction,17501,O1,1.69799
kconstruction,17601,O1,2.25643
kconstruction,17701,O1,1.9956
kconstruction,17801,O1,2.43263
kconstruction,17901,O1,1.78428
kconstruction,18001,O1,2.2048
kconstruction,18101,O1,2.17853
kconstruction,18201,O1,1.89958
kconstruction,18301,O1,2.26412
kconstruction,18401,O1,1.905
kconstruction,18501,O1,1.91754
kconstruction,18601,O1,2.0502
kconstruction,18701,O1,2.33068
kconstruction,18801,O1,2.47865
kconstruction,18901,O1,2.41601
kconstruction,19001,O1,2.89429
kconstruction,19101,O1,2.64649
kconstruction,19201,O1,2.79725
kconstruction,19301,O1,2.39469
kconstruction,19401,O1,2.73498
kconstruction,19501,O1,3.14972
kconstruction,19601,O1,2.60182
kconstruction,19701,O1,2.84971
kconstruction,19801,O1,3.0631
kconstruction,19901,O1,3.12217
kconstruction,20001,O1,3.29353
kconstruction,101,O2,0.0001396
kconstruction,201,O2,0.0005364
kconstruction,301,O2,0.0006802
kconstruction,401,O2,0.001178
kconstruction,501,O2,0.0018892
kconstruction,601,O2,0.0026365
kconstruction,701,O2,0.0038281
kconstruction,801,O2,0.0050006
kconstruction,901,O2,0.0063457
kconstruction,1001,O2,0.0081886
kconstruction,1101,O2,0.0097059
kconstruction,1201,O2,0.011785
kconstruction,1301,O2,0.0136409
kconstruction,1401,O2,0.0158828
kconstruction,1501,O2,0.0181809
kconstruction,1601,O2,0.0208431
kconstruction,1701,O2,0.0237443
kconstruction,1801,O2,0.0274094
kconstruction,1901,O2,0.0336391
kconstruction,2001,O2,0.0401926
kconstruction,2101,O2,0.0412003
kconstruction,2201,O2,0.0402773
kconstruction,2301,O2,0.0431511
kconstruction,2401,O2,0.052065
kconstruction,2501,O2,0.0527073
kconstruction,2601,O2,0.0565702
kconstruction,2701,O2,0.0607143
kconstruction,2801,O2,0.0642633
kconstruction,2901,O2,0.068769
kconstruction,3001,O2,0.0740862
kconstruction,3101,O2,0.0791066
kconstruction,3201,O2,0.0844505
kconstruction,3301,O2,0.082376
kconstruction,3401,O2,0.0703331
kconstruction,3501,O2,0.0699966
kconstruction,3601,O2,0.0744334
kconstruction,3701,O2,0.0789355
kconstruction,3801,O2,0.0944702
kconstruction,3901,O2,0.129773
kconstruction,4001,O2,0.134643
kconstruction,4101,O2,0.138083
kconstruction,4201,O2,0.144996
kconstruction,4301,O2,0.151882
kconstruction,4401,O2,0.158157
kconstruction,4501,O2,0.163721
kconstruction,4601,O2,0.131537
kconstruction,4701,O2,0.125528
kconstruction,4801,O2,0.129911
kconstruction,4901,O2,0.13521
kconstruction,5001,O2,0.140457
kconstruction,5101,O2,0.173145
kconstruction,5201,O2,0.222448
kconstruction,5301,O2,0.228591
kconstruction,5401,O2,0.238157
kconstruction,5501,O2,0.2467
kconstruction,5601,O2,0.203409
kconstruction,5701,O2,0.18307
kconstruction,5801,O2,0.18806
kconstruction,5901,O2,0.194464
kconstruction,6001,O2,0.201651
kconstruction,6101,O2,0.210235
kconstruction,6201,O2,0.216172
kconstruction,6301,O2,0.223519
kconstruction,6401,O2,0.229726
kconstruction,6501,O2,0.310974
kconstruction,6601,O2,0.352847
kconstruction,6701,O2,0.363254
kconstruction,6801,O2,0.307114
kconstruction,6901,O2,0.267817
kconstruction,7001,O2,0.278351
kconstruction,7101,O2,0.392447
kconstruction,7201,O2,0.424776
kconstruction,7301,O2,0.40932
kconstruction,7401,O2,0.309501
kconstruction,7501,O2,0.356803
kconstruction,7601,O2,0.472542
kconstruction,7701,O2,0.483276
kconstruction,7801,O2,0.355806
kconstruction,7901,O2,0.352296
kconstruction,8001,O2,0.364581
kconstruction,8101,O2,0.372873
kconstruction,8201,O2,0.390341
kconstruction,8301,O2,0.572704
kconstruction,8401,O2,0.601588
kconstruction,8501,O2,0.572382
kconstruction,8601,O2,0.419688
kconstruction,8701,O2,0.42338
kconstruction,8801,O2,0.445014
kconstruction,8901,O2,0.452623
kconstruction,9001,O2,0.465009
kconstruction,9101,O2,0.614629
kconstruction,9201,O2,0.70421
kconstruction,9301,O2,0.713184
kconstruction,9401,O2,0.730681
kconstruction,9501,O2,0.747938
kconstruction,9601,O2,0.767556
kconstruction,9701,O2,0.780279
kconstruction,9801,O2,0.795266
kconstruction,9901,O2,0.800716
kconstruction,10001,O2,0.830277
kconstruction,10101,O2,0.825278
kconstruction,10201,O2,0.816707
kconstruction,10301,O2,0.703313
kconstruction,10401,O2,0.903456
kconstruction,10501,O2,0.808785
kconstruction,10601,O2,0.87397
kconstruction,10701,O2,0.964031
kconstruction,10801,O2,0.974679
kconstruction,10901,O2,0.991374
kconstruction,11001,O2,0.967647
kconstruction,11101,O2,0.840695
kconstruction,11201,O2,0.898513
kconstruction,11301,O2,1.00919
kconstruction,11401,O2,0.9693
kconstruction,11501,O2,0.977179
kconstruction,11601,O2,0.851522
kconstruction,11701,O2,0.777097
kconstruction,11801,O2,0.795842
kconstruction,11901,O2,0.809262
kconstruction,12001,O2,0.821806
kconstruction,12101,O2,0.839688
kconstruction,12201,O2,0.895445
kconstruction,12301,O2,0.93571
kconstruction,12401,O2,1.27144
kconstruction,12501,O2,1.25915
kconstruction,12601,O2,1.24739
kconstruction,12701,O2,1.22271
kconstruction,12801,O2,0.951981
kconstruction,12901,O2,1.1229
kconstruction,13001,O2,1.36564
kconstruction,13101,O2,1.07039
kconstruction,13201,O2,1.1093
kconstruction,13301,O2,1.42214
kconstruction,13401,O2,1.03006
kconstruction,13501,O2,1.04031
kconstruction,13601,O2,1.06771
kconstruction,13701,O2,1.16662
kconstruction,13801,O2,1.43112
kconstruction,13901,O2,1.46014
kconstruction,14001,O2,1.13
kconstruction,14101,O2,1.14355
kconstruction,14201,O2,1.15357
kconstruction,14301,O2,1.17171
kconstruction,14401,O2,1.18398
kconstruction,14501,O2,1.2041
kconstruction,14601,O2,1.21693
kconstruction,14701,O2,1.23329
kconstruction,14801,O2,1.25295
kconstruction,14901,O2,1.26903
kconstruction,15001,O2,1.28558
kconstruction,15101,O2,1.31038
kconstruction,15201,O2,1.32497
kconstruction,15301,O2,1.34338
kconstruction,15401,O2,1.35897
kconstruction,15501,O2,1.37409
kconstruction,15601,O2,1.39376
kconstruction,15701,O2,1.41151
kconstruction,15801,O2,1.4301
kconstruction,15901,O2,1.45153
kconstruction,16001,O2,1.47128
kconstruction,16101,O2,2.05062
kconstruction,16201,O2,1.91558
kconstruction,16301,O2,1.53424
kconstruction,16401,O2,1.51158
kconstruction,16501,O2,1.52513
kconstruction,16601,O2,1.54636
kconstruction,16701,O2,1.56378
kconstruction,16801,O2,1.5809
kconstruction,16901,O2,1.60134
kconstruction,17001,O2,1.62094
kconstruction,17101,O2,1.6398
kconstruction,17201,O2,1.66301
kconstruction,17301,O2,1.66974
kconstruction,17401,O2,1.69799
kconstruction,17501,O2,2.0194
kconstruction,17601,O2,1.82545
kconstruction,17701,O2,1.76089
kconstruction,17801,O2,2.09038
kconstruction,17901,O2,2.26987
kconstruction,18001,O2,1.90037
kconstruction,18101,O2,1.87055
kconstruction,18201,O2,1.85281
kconstruction,18301,O2,1.86323
kconstruction,18401,O2,1.88062
kconstruction,18501,O2,1.89036
kconstruction,18601,O2,1.91159
kconstruction,18701,O2,1.92916
kconstruction,18801,O2,1.95624
kconstruction,18901,O2,2.64201
kconstruction,19001,O2,2.0297
kconstruction,19101,O2,2.01923
kconstruction,19201,O2,2.39725
kconstruction,19301,O2,2.0605
kconstruction,19401,O2,2.08387
kconstruction,19501,O2,2.1164
kconstruction,19601,O2,2.15644
kconstruction,19701,O2,2.15807
kconstruction,19801,O2,2.18019
kconstruction,19901,O2,2.55434
kconstruction,20001,O2,2.57394
kconstruction,101,O3,0.0001275
kconstruction,201,O3,0.0004576
kconstruction,301,O3,0.0011036
kconstruction,401,O3,0.0020223
kconstruction,501,O3,0.0020922
kconstruction,601,O3,0.0027435
kconstruction,701,O3,0.0037201
kconstruction,801,O3,0.0048328
kconstruction,901,O3,0.0062932
kconstruction,1001,O3,0.0081305
kconstruction,1101,O3,0.0095631
kconstruction,1201,O3,0.0114899
kconstruction,1301,O3,0.0136572
kconstruction,1401,O3,0.0158656
kconstruction,1501,O3,0.0183125
kconstruction,1601,O3,0.0211209
kconstruction,1701,O3,0.0239943
kconstruction,1801,O3,0.026972
kconstruction,1901,O3,0.030393
kconstruction,2001,O3,0.0335845
kconstruction,2101,O3,0.036149
kconstruction,2201,O3,0.0417555
kconstruction,2301,O3,0.044804
kconstruction,2401,O3,0.0472286
kconstruction,2501,O3,0.0518492
kconstruction,2601,O3,0.0556811
kconstruction,2701,O3,0.060053
kconstruction,2801,O3,0.0642837
kconstruction,2901,O3,0.0690627
kconstruction,3001,O3,0.0739106
kconstruction,3101,O3,0.0788616
kconstruction,3201,O3,0.0895946
kconstruction,3301,O3,0.0902288
kconstruction,3401,O3,0.0957124
kconstruction,3501,O3,0.103967
kconstruction,3601,O3,0.109181
kconstruction,3701,O3,0.115048
kconstruction,3801,O3,0.120957
kconstruction,3901,O3,0.128452
kconstruction,4001,O3,0.133987
kconstruction,4101,O3,0.13862
kconstruction,4201,O3,0.131878
kconstruction,4301,O3,0.10885
kconstruction,4401,O3,0.107573
kconstruction,4501,O3,0.10612
kconstruction,4601,O3,0.110521
kconstruction,4701,O3,0.115321
kconstruction,4801,O3,0.120244
kconstruction,4901,O3,0.124928
kconstruction,5001,O3,0.133296
kconstruction,5101,O3,0.135777
kconstruction,5201,O3,0.142069
kconstruction,5301,O3,0.147306
kconstruction,5401,O3,0.152137
kconstruction,5501,O3,0.157728
kconstruction,5601,O3,0.162931
kconstruction,5701,O3,0.168633
kconstruction,5801,O3,0.17429
kconstruction,5901,O3,0.186596
kconstruction,6001,O3,0.191471
kconstruction,6101,O3,0.195202
kconstruction,6201,O3,0.205587
kconstruction,6301,O3,0.225001
kconstruction,6401,O3,0.23935
kconstruction,6501,O3,0.227777
kconstruction,6601,O3,0.233316
kconstruction,6701,O3,0.241866
kconstruction,6801,O3,0.25111
kconstruction,6901,O3,0.257202
kconstruction,7001,O3,0.265199
kconstruction,7101,O3,0.272779
kconstruction,7201,O3,0.280702
kconstruction,7301,O3,0.289836
kconstruction,7401,O3,0.297115
kconstruction,7501,O3,0.305512
kconstruction,7601,O3,0.317094
kconstruction,7701,O3,0.323193
kconstruction,7801,O3,0.33138
kconstruction,7901,O3,0.34194
kconstruction,8001,O3,0.3485
kconstruction,8101,O3,0.35668
kconstruction,8201,O3,0.356426
kconstruction,8301,O3,0.369841
kconstruction,8401,O3,0.379656
kconstruction,8501,O3,0.386698
kconstruction,8601,O3,0.39723
kconstruction,8701,O3,0.407961
kconstruction,8801,O3,0.41395
kconstruction,8901,O3,0.421914
kconstruction,9001,O3,0.434582
kconstruction,9101,O3,0.443463
kconstruction,9201,O3,0.452272
kconstruction,9301,O3,0.463961
kconstruction,9401,O3,0.47237
kconstruction,9501,O3,0.480713
kconstruction,9601,O3,0.491586
kconstruction,9701,O3,0.499974
kconstruction,9801,O3,0.511865
kconstruction,9901,O3,0.521135
kconstruction,10001,O3,0.533281
kconstruction,10101,O3,0.5411
kconstruction,10201,O3,0.5534
kconstruction,10301,O3,0.562043
kconstruction,10401,O3,0.608593
kconstruction,10501,O3,0.586447
kconstruction,10601,O3,0.594656
kconstruction,10701,O3,0.605839
kconstruction,10801,O3,0.615637
kconstruction,10901,O3,0.629516
kconstruction,11001,O3,0.644901
kconstruction,11101,O3,0.655534
kconstruction,11201,O3,0.662793
kconstruction,11301,O3,0.676022
kconstruction,11401,O3,0.685305
kconstruction,11501,O3,0.696842
kconstruction,11601,O3,0.711708
kconstruction,11701,O3,0.721467
kconstruction,11801,O3,0.733376
kconstruction,11901,O3,0.74629
kconstruction,12001,O3,0.762924
kconstruction,12101,O3,0.773861
kconstruction,12201,O3,0.789455
kconstruction,12301,O3,0.79393
kconstruction,12401,O3,0.811091
kconstruction,12501,O3,0.821353
kconstruction,12601,O3,0.835831
kconstruction,12701,O3,0.855388
kconstruction,12801,O3,0.8655
kconstruction,12901,O3,0.876573
kconstruction,13001,O3,0.896873
kconstruction,13101,O3,0.909771
kconstruction,13201,O3,0.923896
kconstruction,13301,O3,0.950687
kconstruction,13401,O3,0.962546
kconstruction,13501,O3,0.971333
kconstruction,13601,O3,0.988622
kconstruction,13701,O3,0.999072
kconstruction,13801,O3,1.02292
kconstruction,13901,O3,1.03469
kconstruction,14001,O3,1.04315
kconstruction,14101,O3,1.05743
kconstruction,14201,O3,1.07915
kconstruction,14301,O3,1.09712
kconstruction,14401,O3,1.10582
kconstruction,14501,O3,1.13116
kconstruction,14601,O3,1.15719
kconstruction,14701,O3,1.15939
kconstruction,14801,O3,1.18481
kconstruction,14901,O3,1.19245
kconstruction,15001,O3,1.21198
kconstruction,15101,O3,1.22492
kconstruction,15201,O3,1.24463
kconstruction,15301,O3,1.2606
kconstruction,15401,O3,1.2772
kconstruction,15501,O3,1.29162
kconstruction,15601,O3,1.3094
kconstruction,15701,O3,1.32427
kconstruction,15801,O3,1.34154
kconstruction,15901,O3,1.3622
kconstruction,16001,O3,1.37789
kconstruction,16101,O3,1.397
kconstruction,16201,O3,1.41106
kconstruction,16301,O3,1.43165
kconstruction,16401,O3,1.41867
kconstruction,16501,O3,1.43313
kconstruction,16601,O3,1.45084
kconstruction,16701,O3,1.46343
kconstruction,16801,O3,1.49196
kconstruction,16901,O3,1.49912
kconstruction,17001,O3,1.51859
kconstruction,17101,O3,1.54005
kconstruction,17201,O3,1.5558
kconstruction,17301,O3,1.57225
kconstruction,17401,O3,1.59125
kconstruction,17501,O3,1.60729
kconstruction,17601,O3,1.62191
kconstruction,17701,O3,1.64114
kconstruction,17801,O3,1.66132
kconstruction,17901,O3,1.67824
kconstruction,18001,O3,1.70876
kconstruction,18101,O3,1.72999
kconstruction,18201,O3,1.7502
kconstruction,18301,O3,1.75544
kconstruction,18401,O3,1.78184
kconstruction,18501,O3,1.80335
kconstruction,18601,O3,1.8259
kconstruction,18701,O3,1.84326
kconstruction,18801,O3,1.86295
kconstruction,18901,O3,1.87979
kconstruction,19001,O3,1.90762
kconstruction,19101,O3,1.92623
kconstruction,19201,O3,1.94283
kconstruction,19301,O3,1.94845
kconstruction,19401,O3,1.97613
kconstruction,19501,O3,1.98788
kconstruction,19601,O3,2.01269
kconstruction,19701,O3,2.04093
kconstruction,19801,O3,2.05332
kconstruction,19901,O3,2.06832
kconstruction,20001,O3,2.1038
